{
  "_class": "sharedStyle",
  "do_objectID": "0E8B2CF2-0EE9-45ED-A607-C3627F3320D2",
  "name": "Tag/Outline",
  "value": {
    "_class": "style",
    "borders": [
      {
        "_class": "border",
        "color": {
          "_class": "color",
          "alpha": 1,
          "blue": 0.9529411764705882,
          "green": 0.9294117647058824,
          "red": 0.9176470588235294
        },
        "fillType": 0,
        "isEnabled": true,
        "position": 1,
        "thickness": 1
      }
    ],
    "endMarkerType": 0,
    "fills": [
      {
        "_class": "fill",
        "color": {
          "_class": "color",
          "alpha": 1,
          "blue": 0.9921568627450981,
          "green": 0.984313725490196,
          "red": 0.984313725490196
        },
        "fillType": 0,
        "gradient": {
          "_class": "gradient",
          "elipseLength": 0,
          "from": "{0.5, 1}",
          "gradientType": 0,
          "stops": [
            {
              "_class": "gradientStop",
              "color": {
                "_class": "color",
                "alpha": 1,
                "blue": 0.984313725490196,
                "green": 0.984313725490196,
                "red": 0.984313725490196
              },
              "position": 0
            },
            {
              "_class": "gradientStop",
              "color": {
                "_class": "color",
                "alpha": 1,
                "blue": 0.5803921568627451,
                "green": 0.2784313725490196,
                "red": 0.5450980392156863
              },
              "position": 1
            }
          ],
          "to": "{0.49999999999999989, 0.01707008670520227}"
        },
        "isEnabled": true,
        "noiseIndex": 0,
        "noiseIntensity": 0,
        "patternFillType": 1,
        "patternTileScale": 1
      }
    ],
    "miterLimit": 10,
    "startMarkerType": 0,
    "windingRule": 1
  }
}